Workbook

Sheet Summary
A1: Sample Tableau to Excel Export
B3: Profit by Category | J3: Sales by Category
B15: Order Details (Past 13 Months)
B17: =IF('Order Details'!A1="", "", 'Order Details'!A1) | C17: =IF('Order Details'!B1="", "", 'Order Details'!B1) | D17: ='Order Details'!C1-0 -> 0 | E17: ='Order Details'!D1-0 -> 0 | F17: ='Order Details'!E1-0 -> 0 | G17: ='Order Details'!F1-0 -> 0 | H17: ='Order Details'!G1-0 -> 0 | I17: ='Order Details'!H1-0 -> 0 | J17: ='Order Details'!I1-0 -> 0 | K17: ='Order Details'!J1-0 -> 0 | ... P17: ='Order Details'!O1-0 -> 0 | Q17: 13 Mo Total
B18: Profit | C18: Total | D18: =SUM(D19:D21) -> 0 | E18: =SUM(E19:E21) -> 0 | F18: =SUM(F19:F21) -> 0 | G18: =SUM(G19:G21) -> 0 | H18: =SUM(H19:H21) -> 0 | I18: =SUM(I19:I21) -> 0 | J18: =SUM(J19:J21) -> 0 | K18: =SUM(K19:K21) -> 0 | ... Q18: =SUM(Q19:Q21) -> 0
C19: Furniture | D19: =SUMIFS('Order Details'!$C:$C, 'Order Details'!$A:$A,Summary!$B$18, 'Order Details'!$B:$B,Summary!$C19) -> 0 | E19: =SUMIFS('Order Details'!$C:$C, 'Order Details'!$A:$A,Summary!$B$18, 'Order Details'!$B:$B,Summary!$C19) -> 0 | F19: =SUMIFS('Order Details'!$C:$C, 'Order Details'!$A:$A,Summary!$B$18, 'Order Details'!$B:$B,Summary!$C19) -> 0 | G19: =SUMIFS('Order Details'!$C:$C, 'Order Details'!$A:$A,Summary!$B$18, 'Order Details'!$B:$B,Summary!$C19) -> 0 | H19: =SUMIFS('Order Details'!$C:$C, 'Order Details'!$A:$A,Summary!$B$18, 'Order Details'!$B:$B,Summary!$C19) -> 0 | I19: =SUMIFS('Order Details'!$C:$C, 'Order Details'!$A:$A,Summary!$B$18, 'Order Details'!$B:$B,Summary!$C19) -> 0 | J19: =SUMIFS('Order Details'!$C:$C, 'Order Details'!$A:$A,Summary!$B$18, 'Order Details'!$B:$B,Summary!$C19) -> 0 | K19: =SUMIFS('Order Details'!$C:$C, 'Order Details'!$A:$A,Summary!$B$18, 'Order Details'!$B:$B,Summary!$C19) -> 0 | ... Q19: =SUMIFS('Order Details'!$C:$C, 'Order Details'!$A:$A,Summary!$B$18, 'Order Details'!$B:$B,Summary!$C19) -> 0
C20: Office Supplies | D20: =SUMIFS('Order Details'!$C:$C, 'Order Details'!$A:$A,Summary!$B$18, 'Order Details'!$B:$B,Summary!$C20) -> 0 | E20: =SUMIFS('Order Details'!$C:$C, 'Order Details'!$A:$A,Summary!$B$18, 'Order Details'!$B:$B,Summary!$C20) -> 0 | F20: =SUMIFS('Order Details'!$C:$C, 'Order Details'!$A:$A,Summary!$B$18, 'Order Details'!$B:$B,Summary!$C20) -> 0 | G20: =SUMIFS('Order Details'!$C:$C, 'Order Details'!$A:$A,Summary!$B$18, 'Order Details'!$B:$B,Summary!$C20) -> 0 | H20: =SUMIFS('Order Details'!$C:$C, 'Order Details'!$A:$A,Summary!$B$18, 'Order Details'!$B:$B,Summary!$C20) -> 0 | I20: =SUMIFS('Order Details'!$C:$C, 'Order Details'!$A:$A,Summary!$B$18, 'Order Details'!$B:$B,Summary!$C20) -> 0 | J20: =SUMIFS('Order Details'!$C:$C, 'Order Details'!$A:$A,Summary!$B$18, 'Order Details'!$B:$B,Summary!$C20) -> 0 | K20: =SUMIFS('Order Details'!$C:$C, 'Order Details'!$A:$A,Summary!$B$18, 'Order Details'!$B:$B,Summary!$C20) -> 0 | ... Q20: =SUMIFS('Order Details'!$C:$C, 'Order Details'!$A:$A,Summary!$B$18, 'Order Details'!$B:$B,Summary!$C20) -> 0
C21: Technology | D21: =SUMIFS('Order Details'!$C:$C, 'Order Details'!$A:$A,Summary!$B$18, 'Order Details'!$B:$B,Summary!$C21) -> 0 | E21: =SUMIFS('Order Details'!$C:$C, 'Order Details'!$A:$A,Summary!$B$18, 'Order Details'!$B:$B,Summary!$C21) -> 0 | F21: =SUMIFS('Order Details'!$C:$C, 'Order Details'!$A:$A,Summary!$B$18, 'Order Details'!$B:$B,Summary!$C21) -> 0 | G21: =SUMIFS('Order Details'!$C:$C, 'Order Details'!$A:$A,Summary!$B$18, 'Order Details'!$B:$B,Summary!$C21) -> 0 | H21: =SUMIFS('Order Details'!$C:$C, 'Order Details'!$A:$A,Summary!$B$18, 'Order Details'!$B:$B,Summary!$C21) -> 0 | I21: =SUMIFS('Order Details'!$C:$C, 'Order Details'!$A:$A,Summary!$B$18, 'Order Details'!$B:$B,Summary!$C21) -> 0 | J21: =SUMIFS('Order Details'!$C:$C, 'Order Details'!$A:$A,Summary!$B$18, 'Order Details'!$B:$B,Summary!$C21) -> 0 | K21: =SUMIFS('Order Details'!$C:$C, 'Order Details'!$A:$A,Summary!$B$18, 'Order Details'!$B:$B,Summary!$C21) -> 0 | ... Q21: =SUMIFS('Order Details'!$C:$C, 'Order Details'!$A:$A,Summary!$B$18, 'Order Details'!$B:$B,Summary!$C21) -> 0
B22: Sales | C22: Total | D22: =SUM(D23:D25) -> 0 | E22: =SUM(E23:E25) -> 0 | F22: =SUM(F23:F25) -> 0 | G22: =SUM(G23:G25) -> 0 | H22: =SUM(H23:H25) -> 0 | I22: =SUM(I23:I25) -> 0 | J22: =SUM(J23:J25) -> 0 | K22: =SUM(K23:K25) -> 0 | ... Q22: =SUM(Q23:Q25) -> 0
C23: Furniture | D23: =SUMIFS('Order Details'!$C:$C, 'Order Details'!$A:$A,Summary!$B$22, 'Order Details'!$B:$B,Summary!$C23) -> 0 | E23: =SUMIFS('Order Details'!$C:$C, 'Order Details'!$A:$A,Summary!$B$22, 'Order Details'!$B:$B,Summary!$C23) -> 0 | F23: =SUMIFS('Order Details'!$C:$C, 'Order Details'!$A:$A,Summary!$B$22, 'Order Details'!$B:$B,Summary!$C23) -> 0 | G23: =SUMIFS('Order Details'!$C:$C, 'Order Details'!$A:$A,Summary!$B$22, 'Order Details'!$B:$B,Summary!$C23) -> 0 | H23: =SUMIFS('Order Details'!$C:$C, 'Order Details'!$A:$A,Summary!$B$22, 'Order Details'!$B:$B,Summary!$C23) -> 0 | I23: =SUMIFS('Order Details'!$C:$C, 'Order Details'!$A:$A,Summary!$B$22, 'Order Details'!$B:$B,Summary!$C23) -> 0 | J23: =SUMIFS('Order Details'!$C:$C, 'Order Details'!$A:$A,Summary!$B$22, 'Order Details'!$B:$B,Summary!$C23) -> 0 | K23: =SUMIFS('Order Details'!$C:$C, 'Order Details'!$A:$A,Summary!$B$22, 'Order Details'!$B:$B,Summary!$C23) -> 0 | ... Q23: =SUMIFS('Order Details'!$C:$C, 'Order Details'!$A:$A,Summary!$B$22, 'Order Details'!$B:$B,Summary!$C23) -> 0
C24: Office Supplies | D24: =SUMIFS('Order Details'!$C:$C, 'Order Details'!$A:$A,Summary!$B$18, 'Order Details'!$B:$B,Summary!$C24) -> 0 | E24: =SUMIFS('Order Details'!$C:$C, 'Order Details'!$A:$A,Summary!$B$18, 'Order Details'!$B:$B,Summary!$C24) -> 0 | F24: =SUMIFS('Order Details'!$C:$C, 'Order Details'!$A:$A,Summary!$B$18, 'Order Details'!$B:$B,Summary!$C24) -> 0 | G24: =SUMIFS('Order Details'!$C:$C, 'Order Details'!$A:$A,Summary!$B$18, 'Order Details'!$B:$B,Summary!$C24) -> 0 | H24: =SUMIFS('Order Details'!$C:$C, 'Order Details'!$A:$A,Summary!$B$18, 'Order Details'!$B:$B,Summary!$C24) -> 0 | I24: =SUMIFS('Order Details'!$C:$C, 'Order Details'!$A:$A,Summary!$B$18, 'Order Details'!$B:$B,Summary!$C24) -> 0 | J24: =SUMIFS('Order Details'!$C:$C, 'Order Details'!$A:$A,Summary!$B$18, 'Order Details'!$B:$B,Summary!$C24) -> 0 | K24: =SUMIFS('Order Details'!$C:$C, 'Order Details'!$A:$A,Summary!$B$18, 'Order Details'!$B:$B,Summary!$C24) -> 0 | ... Q24: =SUMIFS('Order Details'!$C:$C, 'Order Details'!$A:$A,Summary!$B$18, 'Order Details'!$B:$B,Summary!$C24) -> 0
C25: Technology | D25: =SUMIFS('Order Details'!$C:$C, 'Order Details'!$A:$A,Summary!$B$18, 'Order Details'!$B:$B,Summary!$C25) -> 0 | E25: =SUMIFS('Order Details'!$C:$C, 'Order Details'!$A:$A,Summary!$B$18, 'Order Details'!$B:$B,Summary!$C25) -> 0 | F25: =SUMIFS('Order Details'!$C:$C, 'Order Details'!$A:$A,Summary!$B$18, 'Order Details'!$B:$B,Summary!$C25) -> 0 | G25: =SUMIFS('Order Details'!$C:$C, 'Order Details'!$A:$A,Summary!$B$18, 'Order Details'!$B:$B,Summary!$C25) -> 0 | H25: =SUMIFS('Order Details'!$C:$C, 'Order Details'!$A:$A,Summary!$B$18, 'Order Details'!$B:$B,Summary!$C25) -> 0 | I25: =SUMIFS('Order Details'!$C:$C, 'Order Details'!$A:$A,Summary!$B$18, 'Order Details'!$B:$B,Summary!$C25) -> 0 | J25: =SUMIFS('Order Details'!$C:$C, 'Order Details'!$A:$A,Summary!$B$18, 'Order Details'!$B:$B,Summary!$C25) -> 0 | K25: =SUMIFS('Order Details'!$C:$C, 'Order Details'!$A:$A,Summary!$B$18, 'Order Details'!$B:$B,Summary!$C25) -> 0 | ... Q25: =SUMIFS('Order Details'!$C:$C, 'Order Details'!$A:$A,Summary!$B$18, 'Order Details'!$B:$B,Summary!$C25) -> 0

Sheet Order Details
